{
  "fans-counts": "335961",
  // 粉丝数
  // 简介
  "info": {
    "account_type": "0",
    "wxu_status": "1",
    "month_top_times": "11",
    //进入中国微信月榜500强次数
    "description": "致力于提供最及时的财经资讯，最专业的解读分析，覆盖宏观经济、金融机构、A股市场、上市公司、投资理财等财经领域。",
    //功能介绍
    "insert_time": "2016-01-17 20:18:51.0",
    "type": "财富",
    //新榜分类
    "uuid": "AE985326AAFA9FD1D4E23A394110CCEB",
    "is_ori_user": "1",
    //是否原创
    "last_rank_position": "4",
    "head_image_url": "http://mmbiz.qpic.cn/mmbiz/f23EOWYFfgHc5stQSqUHMdMlr2jdQu3AvcjGz5WyGVhnUvynzNNBv1SVOm6ftSiakibTUy49zjIRfkLfJ0jJTsqg/0",
    "weixincodePath": "http://open.weixin.qq.com/qr/code?username\u003dgh_6df2146bcb82",
    "certified_text": "微信认证：深圳证券时报社有限公司",
    "name": "券商中国",
    //公众号名称
    "id": "192444",
    "wx_id": "gh_6df2146bcb82",
    "account": "quanshangcn"
    //微信号
  },
  // 近7天数据
  "data": [
    {
      "article_clicks_count": "341725",
      //阅读量-总计
      "article_likes_count_top_line": "577",
      "rank_name": "财富",
      "insert_time": "2018-11-15 12:02:54.0",
      "rank_position": "4",
      //新榜排名
      "max_article_likes_count": "323",
      "article_count_big_clicks": "0",
      "avg_article_clicks_log1p_mark": "865.911364317768",
      "uid": "192444",
      "article_clicks_log1p_mark": "937.4204910253993",
      "update_time": "2018-11-15 12:15:53.0",
      "max_article_clicks_count": "90417",
      "top_article_clicks_log1p_mark": "1063.4073009963513",
      "article_likes_count": "1422",
      //点赞数-总计
      "article_clicks_count_top_line": "207510",
      //头条阅读数-总计'
      "article_count": "16",
      //发布篇数
      "rank_date": "2018-11-14 00:00:00.0",
      //统计时间
      "avg_article_clicks_count": "21357",
      //阅读量-平均
      "id": "129681419",
      "article_count_top_line": "3",
      "max_article_clicks_log1p_mark": "991.2501183018504",
      "new_rank_index_mark": "924.54462283905",
      //新榜指数
      "avg_article_clicks_count_top_line": "69170",
      //头条阅读数-平均
      "avg_article_likes_count_top_line": "192",
      "avg_article_likes_count_other": "65",
      "article_release_times": "3",
      //发布次数
      "avg_article_likes_count": "88",
      //点赞数-平均
      "log1p_mark": "924.54462283905",
      "name": "券商中国",
      "avg_article_clicks_count_other": "10324",
      "article_count_other": "13",
      "rank_mark": "95.6419534035375",
      "article_likes_count_other": "845",
      "article_likes_log1p_mark": "643.1049434662726",
      "account": "quanshangcn",
      "article_clicks_count_other": "134215"
    },
    {
      "article_clicks_count": "353554",
      "article_likes_count_top_line": "721",
      "rank_name": "财富",
      "insert_time": "2018-11-14 12:02:34.0",
      "rank_position": "4",
      "max_article_likes_count": "561",
      "article_count_big_clicks": "0",
      "avg_article_clicks_log1p_mark": "868.8698391607314",
      "uid": "192444",
      "article_clicks_log1p_mark": "939.9240881333401",
      "update_time": "2018-11-14 12:15:28.0",
      "max_article_clicks_count": "94741",
      "top_article_clicks_log1p_mark": "1045.6955891267346",
      "article_likes_count": "2054",
      "article_clicks_count_top_line": "169231",
      "article_count": "16",
      "rank_date": "2018-11-13 00:00:00.0",
      "avg_article_clicks_count": "22097",
      "id": "129633992",
      "article_count_top_line": "3",
      "max_article_clicks_log1p_mark": "995.3076451768113",
      "new_rank_index_mark": "927.6630728157601",
      "avg_article_clicks_count_top_line": "56410",
      "avg_article_likes_count_top_line": "240",
      "avg_article_likes_count_other": "102",
      "article_release_times": "3",
      "avg_article_likes_count": "128",
      "log1p_mark": "927.6630728157601",
      "name": "券商中国",
      "avg_article_clicks_count_other": "14178",
      "article_count_other": "13",
      "rank_mark": "95.92330681710149",
      "article_likes_count_other": "1333",
      "article_likes_log1p_mark": "675.6572216900896",
      "account": "quanshangcn",
      "article_clicks_count_other": "184323"
    },
    {
      "article_clicks_count": "343616",
      "article_likes_count_top_line": "857",
      "rank_name": "财富",
      "insert_time": "2018-11-13 12:03:07.0",
      "rank_position": "4",
      "max_article_likes_count": "571",
      "article_count_big_clicks": "1",
      "avg_article_clicks_log1p_mark": "877.991844676964",
      "uid": "192444",
      "article_clicks_log1p_mark": "937.8264849296958",
      "update_time": "2018-11-13 12:14:55.0",
      "max_article_clicks_count": "100000",
      "top_article_clicks_log1p_mark": "1060.627486222148",
      "article_likes_count": "1893",
      "article_clicks_count_top_line": "200974",
      "article_count": "14",
      "rank_date": "2018-11-12 00:00:00.0",
      "avg_article_clicks_count": "24544",
      "id": "129440888",
      "article_count_top_line": "3",
      "max_article_clicks_log1p_mark": "1000",
      "new_rank_index_mark": "927.6219623079708",
      "avg_article_clicks_count_top_line": "66991",
      "avg_article_likes_count_top_line": "285",
      "avg_article_likes_count_other": "94",
      "article_release_times": "3",
      "avg_article_likes_count": "135",
      "log1p_mark": "927.6219623079708",
      "name": "券商中国",
      "avg_article_clicks_count_other": "12967",
      "article_count_other": "11",
      "rank_mark": "96.69717999873114",
      "article_likes_count_other": "1036",
      "article_likes_log1p_mark": "668.4307966379034",
      "account": "quanshangcn",
      "article_clicks_count_other": "142642"
    },
    {
      "article_clicks_count": "334308",
      "article_likes_count_top_line": "698",
      "rank_name": "财富",
      "insert_time": "2018-11-12 12:03:54.0",
      "rank_position": "4",
      "max_article_likes_count": "322",
      "article_count_big_clicks": "1",
      "avg_article_clicks_log1p_mark": "869.6134644830963",
      "uid": "192444",
      "article_clicks_log1p_mark": "935.8060901381019",
      "update_time": "2018-11-12 12:13:43.0",
      "max_article_clicks_count": "100000",
      "top_article_clicks_log1p_mark": "1060.5993895108497",
      "article_likes_count": "1572",
      "article_clicks_count_top_line": "200909",
      "article_count": "15",
      "rank_date": "2018-11-11 00:00:00.0",
      "avg_article_clicks_count": "22287",
      "id": "129317321",
      "article_count_top_line": "3",
      "max_article_clicks_log1p_mark": "1000",
      "new_rank_index_mark": "924.4449709572482",
      "avg_article_clicks_count_top_line": "66969",
      "avg_article_likes_count_top_line": "232",
      "avg_article_likes_count_other": "72",
      "article_release_times": "3",
      "avg_article_likes_count": "104",
      "log1p_mark": "924.4449709572482",
      "name": "券商中国",
      "avg_article_clicks_count_other": "11116",
      "article_count_other": "12",
      "rank_mark": "96.8596768838166",
      "article_likes_count_other": "874",
      "article_likes_log1p_mark": "651.9817485963906",
      "account": "quanshangcn",
      "article_clicks_count_other": "133399"
    },
    {
      "article_clicks_count": "239170",
      "article_likes_count_top_line": "517",
      "rank_name": "财富",
      "insert_time": "2018-11-11 12:03:48.0",
      "rank_position": "5",
      "max_article_likes_count": "357",
      "article_count_big_clicks": "0",
      "avg_article_clicks_log1p_mark": "840.524174649424",
      "uid": "192444",
      "article_clicks_log1p_mark": "911.1682248744216",
      "update_time": "2018-11-11 12:13:37.0",
      "max_article_clicks_count": "69010",
      "top_article_clicks_log1p_mark": "1015.1252967880608",
      "article_likes_count": "1238",
      "article_clicks_count_top_line": "119022",
      "article_count": "15",
      "rank_date": "2018-11-10 00:00:00.0",
      "avg_article_clicks_count": "15944",
      "id": "129194004",
      "article_count_top_line": "3",
      "max_article_clicks_log1p_mark": "967.7828235129771",
      "new_rank_index_mark": "898.116018592305",
      "avg_article_clicks_count_top_line": "39674",
      "avg_article_likes_count_top_line": "172",
      "avg_article_likes_count_other": "60",
      "article_release_times": "3",
      "avg_article_likes_count": "82",
      "log1p_mark": "898.116018592305",
      "name": "券商中国",
      "avg_article_clicks_count_other": "10012",
      "article_count_other": "12",
      "rank_mark": "94.78790156872596",
      "article_likes_count_other": "721",
      "article_likes_log1p_mark": "630.8405291298889",
      "account": "quanshangcn",
      "article_clicks_count_other": "120148"
    },
    {
      "article_clicks_count": "320104",
      "article_likes_count_top_line": "655",
      "rank_name": "财富",
      "insert_time": "2018-11-10 12:03:17.0",
      "rank_position": "5",
      "max_article_likes_count": "329",
      "article_count_big_clicks": "1",
      "avg_article_clicks_log1p_mark": "854.969321390129",
      "uid": "192444",
      "article_clicks_log1p_mark": "932.6118971028815",
      "update_time": "2018-11-10 12:16:32.0",
      "max_article_clicks_count": "100000",
      "top_article_clicks_log1p_mark": "1069.2497097931112",
      "article_likes_count": "1323",
      "article_clicks_count_top_line": "221948",
      "article_count": "17",
      "rank_date": "2018-11-09 00:00:00.0",
      "avg_article_clicks_count": "18829",
      "id": "129095703",
      "article_count_top_line": "3",
      "max_article_clicks_log1p_mark": "1000",
      "new_rank_index_mark": "920.2542290166153",
      "avg_article_clicks_count_top_line": "73982",
      "avg_article_likes_count_top_line": "218",
      "avg_article_likes_count_other": "47",
      "article_release_times": "3",
      "avg_article_likes_count": "77",
      "log1p_mark": "920.2542290166153",
      "name": "券商中国",
      "avg_article_clicks_count_other": "7011",
      "article_count_other": "14",
      "rank_mark": "94.56078386792133",
      "article_likes_count_other": "668",
      "article_likes_log1p_mark": "636.7177712157156",
      "account": "quanshangcn",
      "article_clicks_count_other": "98156"
    },
    {
      "article_clicks_count": "378681",
      "article_likes_count_top_line": "498",
      "rank_name": "财富",
      "insert_time": "2018-11-09 12:03:10.0",
      "rank_position": "3",
      "max_article_likes_count": "413",
      "article_count_big_clicks": "1",
      "avg_article_clicks_log1p_mark": "886.4294728403808",
      "uid": "192444",
      "article_clicks_log1p_mark": "944.9752860727301",
      "update_time": "2018-11-09 12:14:24.0",
      "max_article_clicks_count": "100000",
      "top_article_clicks_log1p_mark": "1071.9073545641838",
      "article_likes_count": "1361",
      "article_clicks_count_top_line": "228844",
      "article_count": "14",
      "rank_date": "2018-11-08 00:00:00.0",
      "avg_article_clicks_count": "27048",
      "id": "128874337",
      "article_count_top_line": "3",
      "max_article_clicks_log1p_mark": "1000",
      "new_rank_index_mark": "932.9309881696288",
      "avg_article_clicks_count_top_line": "76281",
      "avg_article_likes_count_top_line": "166",
      "avg_article_likes_count_other": "78",
      "article_release_times": "3",
      "avg_article_likes_count": "97",
      "log1p_mark": "932.9309881696288",
      "name": "券商中国",
      "avg_article_clicks_count_other": "13621",
      "article_count_other": "11",
      "rank_mark": "97.2850548289145",
      "article_likes_count_other": "863",
      "article_likes_log1p_mark": "639.2241720566797",
      "account": "quanshangcn",
      "article_clicks_count_other": "149837"
    }
  ],
  // 最后更新时间
  "lastUpdateTime": "2018-11-14"
}

// tag数据  {name: "财经"}, {name: "投资"}, {name: "新媒体"}, {name: "证券"}, {name: "行业站点"}这条数据 待定